gameid,time,roundNum,sender,contents
7276-a,1620231249863,1,listener,"Hi"
7276-a,1620231257343,1,speaker,"The tomato is the target "
7276-a,1620231267505,2,speaker,"The elephant "
7276-a,1620231286799,3,speaker,"The butterfly"
7276-a,1620231293642,4,speaker,"The horse"
7276-a,1620231302661,5,speaker,"The cherry "
7276-a,1620231313499,6,speaker,"The biggest key"
7276-a,1620231326154,7,speaker,"The smallest green glove"
7276-a,1620231340330,8,speaker,"The green shorts "
7276-a,1620231357671,9,speaker,"The smallest red paint brush "
